{
  "center": [
    9.431085216572505,
    -2.588276836158192,
    8.2435263653484,
    -0.3280367231638418,
    0.5366348870056498,
    7.439147834274953
  ],
  "covariance_matrix": [
    [
      2.0065505731626425,
      0.140317098749854,
      -0.046014397397269036,
      -0.07916726518891602,
      -0.3069184007601892,
      0.13620399705349684
    ],
    [
      0.140317098749854,
      15.15367457746825,
      -3.176370458005851,
      5.4245744756196945,
      -12.81558164142732,
      4.34787368320949
    ],
    [
      -0.046014397397269036,
      -3.176370458005851,
      15.878305449955173,
      -0.6981686798627537,
      2.8682481806586204,
      -0.8698248330427736
    ],
    [
      -0.07916726518891602,
      5.4245744756196945,
      -0.6981686798627537,
      19.810459849631258,
      -5.172608859974722,
      1.5496327484108396
    ],
    [
      -0.3069184007601892,
      -12.81558164142732,
      2.8682481806586204,
      -5.172608859974722,
      16.759222222520105,
      -4.7189023322250705
    ],
    [
      0.13620399705349684,
      4.34787368320949,
      -0.8698248330427736,
      1.5496327484108396,
      -4.7189023322250705,
      20.56071325175918
    ]
  ],
  "principal_variances": [
    1.9911226344154527,
    3.1022480015689524,
    13.34566892075774,
    16.405460644868004,
    18.7737422005968,
    36.550683522289674
  ],
  "principal_directions": [
    [
      0.9955488930324665,
      -0.092436400101362,
      0.01230668514219179,
      -0.0076120645401932694,
      0.007730686118087522,
      -0.008291681646204413
    ],
    [
      0.058734296641656775,
      0.7347491176795036,
      0.33033480079896776,
      -0.1716439181197102,
      -0.07301538407975838,
      -0.5592674270047436
    ],
    [
      0.0018371692187570956,
      0.030339727866671072,
      0.6507697691957532,
      0.7323706874452903,
      0.022361706033928362,
      0.1967433950538358
    ],
    [
      0.008120649974012031,
      -0.03039902796342786,
      -0.4650903125458423,
      0.5408020097944342,
      -0.5709882057722784,
      -0.40522414833045595
    ],
    [
      0.07317139066063019,
      0.6706297862358421,
      -0.4093614426334048,
      0.17679403721841555,
      0.05025701781131536,
      0.5861253682036652
    ],
    [
      -0.003051462254579581,
      0.003214938664348771,
      -0.28868734444712296,
      0.3322508880698095,
      0.8158159383787177,
      -0.37509155144795797
    ]
  ],
  "selected_count": 16992,
  "selection": {
    "mode": "near_max",
    "max_response": 1.0,
    "max_response_tol": 1e-12,
    "threshold": 0.999999999999
  },
  "confidence": 0.95,
  "confidence_axis_lengths": [
    5.007134346533505,
    6.249978109040532,
    12.963146012517315,
    14.37257071590409,
    15.375019115772593,
    21.45299793477326
  ],
  "empirical_coverage": {
    "confidence": 0.95,
    "chi_square_threshold": 12.591587243743977,
    "inside_count": 16778,
    "total_count": 16992,
    "fraction": 0.9874058380414312,
    "percent": 98.74058380414313
  }
}