{
  "center": [
    9.3697052619577,
    -3.263040875662733,
    8.357334245482013,
    -0.5069266290405336,
    0.49110655036770995,
    7.450202382988427
  ],
  "covariance_matrix": [
    [
      2.1160468287459726,
      0.028923607678039618,
      -0.04078178916481625,
      -0.12318020585359944,
      -0.019516874523067038,
      -0.040739022444695544
    ],
    [
      0.028923607678039618,
      11.73701992016488,
      -2.431029634626337,
      4.8414504295100915,
      -9.094400477571467,
      3.3453953132901133
    ],
    [
      -0.04078178916481625,
      -2.431029634626337,
      15.124300396198352,
      -0.7169090016632786,
      2.4670321631867282,
      -1.101360805961886
    ],
    [
      -0.12318020585359944,
      4.8414504295100915,
      -0.7169090016632786,
      19.942326591480704,
      -4.1680775686505305,
      1.3114709002014304
    ],
    [
      -0.019516874523067038,
      -9.094400477571467,
      2.4670321631867282,
      -4.1680775686505305,
      16.21651155198732,
      -4.453521575157002
    ],
    [
      -0.040739022444695544,
      3.3453953132901133,
      -1.101360805961886,
      1.3114709002014304,
      -4.453521575157002,
      20.49360044364541
    ]
  ],
  "principal_variances": [
    2.1144746769930496,
    4.477030863150894,
    12.888055627101132,
    15.542935588393048,
    19.02243555660511,
    31.584873419979424
  ],
  "principal_directions": [
    [
      0.9999073745058321,
      -0.009082467259180072,
      0.004919072542618986,
      0.00825597537937018,
      -0.002891180733413142,
      -0.0014261371470968567
    ],
    [
      -0.00934073166681681,
      -0.8054396327192691,
      0.29913260257331725,
      0.17715987938105016,
      0.08130636135355473,
      0.4729726076590792
    ],
    [
      0.002416658283950793,
      -0.04291048653232862,
      0.6367692188072078,
      -0.7410908446802041,
      0.038798888038300366,
      -0.2048336351923913
    ],
    [
      0.008980337370651917,
      0.09317976446668463,
      -0.3969735680306915,
      -0.44015142332626445,
      0.6526231543587544,
      0.4625998424754574
    ],
    [
      -0.001438294984269806,
      -0.5836429074050012,
      -0.5208786769587878,
      -0.25721170096286855,
      -0.004817191812773042,
      -0.5673299105316634
    ],
    [
      0.0030720924088666742,
      -0.004656727269731736,
      -0.27589461929754655,
      -0.3992986869137699,
      -0.7522867644869687,
      0.4455066989268465
    ]
  ],
  "selected_count": 17541,
  "selection": {
    "mode": "near_max",
    "max_response": 1.0,
    "max_response_tol": 1e-12,
    "threshold": 0.999999999999
  },
  "confidence": 0.95,
  "confidence_axis_lengths": [
    5.159902360514717,
    7.508190508125036,
    12.738959016767005,
    13.989647225185637,
    15.476519534426682,
    19.94250960261223
  ],
  "empirical_coverage": {
    "confidence": 0.95,
    "chi_square_threshold": 12.591587243743977,
    "inside_count": 17102,
    "total_count": 17541,
    "fraction": 0.9749729205860556,
    "percent": 97.49729205860555
  }
}