{
  "center": [
    7.9896813062454015,
    0.06884605533440344,
    7.080970928672233,
    -0.05234706403978085,
    7.41224875480755,
    -0.017400550425574687,
    0.01820261661338267,
    7.1033777599087315,
    0.0031761208772930574,
    7.315164051107739
  ],
  "covariance_matrix": [
    [
      3.1357836759656923,
      -0.006788312157599288,
      -0.027749091775717546,
      -0.003948938650619691,
      0.05746173284088254,
      -0.0031367905542869848,
      0.018379747970540716,
      0.04061903644628913,
      -0.0289288865204667,
      -0.010778985757901236
    ],
    [
      -0.006788312157599288,
      12.377754338085223,
      -0.04589523907385666,
      -0.08421096467479354,
      0.0478085133998238,
      -0.06247223079165657,
      0.029228427933304726,
      0.07307117443859151,
      -0.034477180221424236,
      0.023276093672358687
    ],
    [
      -0.027749091775717546,
      -0.04589523907385666,
      17.087553917863467,
      0.060240933565679944,
      -0.2916223044479242,
      -0.07066076007000513,
      -0.00927413897765587,
      0.01338827199357742,
      0.06577712535971361,
      0.07865465781398216
    ],
    [
      -0.003948938650619691,
      -0.08421096467479354,
      0.060240933565679944,
      12.384348187017695,
      0.004180996469778414,
      0.11169612463263431,
      -0.021065721606887605,
      -0.09121458658172668,
      0.010459198909376476,
      -0.017894519947844998
    ],
    [
      0.05746173284088254,
      0.0478085133998238,
      -0.2916223044479242,
      0.004180996469778414,
      14.678887691533252,
      0.10237443035586778,
      -0.013795035438153646,
      -0.04602873216603865,
      -0.05993218579518726,
      -0.07430695713642269
    ],
    [
      -0.0031367905542869848,
      -0.06247223079165657,
      -0.07066076007000513,
      0.11169612463263431,
      0.10237443035586778,
      12.261017998357241,
      0.00591895961755021,
      0.09876934508266032,
      -0.047182500639613226,
      0.013418986537814684
    ],
    [
      0.018379747970540716,
      0.029228427933304726,
      -0.00927413897765587,
      -0.021065721606887605,
      -0.013795035438153646,
      0.00591895961755021,
      12.276138406279472,
      -0.17427411148246819,
      0.16531799442001308,
      0.16138700820469634
    ],
    [
      0.04061903644628913,
      0.07307117443859151,
      0.01338827199357742,
      -0.09121458658172668,
      -0.04602873216603865,
      0.09876934508266032,
      -0.17427411148246819,
      16.966545957905723,
      0.21632924414091406,
      -0.07853656907732871
    ],
    [
      -0.0289288865204667,
      -0.034477180221424236,
      0.06577712535971361,
      0.010459198909376476,
      -0.05993218579518726,
      -0.047182500639613226,
      0.16531799442001308,
      0.21632924414091406,
      12.27881763927372,
      -0.21131552061809458
    ],
    [
      -0.010778985757901236,
      0.023276093672358687,
      0.07865465781398216,
      -0.017894519947844998,
      -0.07430695713642269,
      0.013418986537814684,
      0.16138700820469634,
      -0.07853656907732871,
      -0.21131552061809458,
      15.730748624089145
    ]
  ],
  "principal_variances": [
    3.135173655293078,
    12.05156969336462,
    12.203140883500788,
    12.305843765118965,
    12.440569845422694,
    12.527434124378615,
    14.645898226356307,
    15.741964797499376,
    16.99358296091265,
    17.13241848452354
  ],
  "principal_directions": [
    [
      0.9999729935320913,
      0.00401223615353349,
      0.0008866345579117335,
      0.0006180921358307213,
      -0.0005979622311136382,
      0.00010790571272312679,
      -0.004710378398624395,
      -0.0005109468825229236,
      0.002972178546876777,
      -0.0022570400143017985
    ],
    [
      0.0008165568638324712,
      -0.16133530835001691,
      -0.0023523327167658953,
      -0.7863424938974648,
      -0.1792871790104154,
      0.5680785070878587,
      -0.018723462227005383,
      0.009700811687209723,
      0.01563558680676791,
      -0.009163634855598901
    ],
    [
      0.001870328745505517,
      0.0033143434242039194,
      0.019106158975822355,
      -0.0037119097074126417,
      -0.010621729738170715,
      0.008165020047598753,
      -0.11845412555610285,
      -0.06576933621467641,
      -0.09115714680484702,
      0.9862862636463994
    ],
    [
      0.0003820227533471282,
      0.13963694053750816,
      -0.46548637076483246,
      -0.5417619903776295,
      0.11194924028194088,
      -0.6761458682092183,
      -0.004929634675943123,
      -0.009050306080116241,
      -0.02000695187179601,
      0.010266857002575649
    ],
    [
      -0.004930130155009096,
      0.0026805767566360217,
      -0.03456074512215193,
      0.02725023280549732,
      0.0262715639101659,
      0.013068226574705577,
      -0.9897958831664933,
      -0.05102267377734064,
      -0.005388278779161315,
      -0.12182888531268721
    ],
    [
      0.0004641742583757864,
      -0.317030192102686,
      0.8083215750456675,
      -0.24338951445612095,
      -0.011492599676756107,
      -0.4294576033309856,
      -0.04038983797923159,
      0.006152954629298064,
      0.020504696675469485,
      -0.01462409147811671
    ],
    [
      -0.002150372777500795,
      0.6292215612720575,
      0.29755055148139564,
      -0.1630414564483559,
      0.6764706870587451,
      0.16822135879270467,
      0.005471583235599209,
      0.04026536867270332,
      -0.03724559578754909,
      -0.0026957323258555294
    ],
    [
      -0.0030329879943402915,
      0.06220012535239375,
      -0.006735885808871786,
      -0.0004265591561864457,
      -0.0016709407303133472,
      -0.011196459147002125,
      -0.020678016689461565,
      0.07597641316888472,
      0.9903986956140967,
      0.09412048944278784
    ],
    [
      0.003253905875544922,
      -0.6710453807040186,
      -0.19687291506185176,
      0.037180309557780344,
      0.7046654719965522,
      0.08326314956483855,
      0.026339868545691536,
      -0.054383857769361534,
      0.04607695870828582,
      0.016897654994749697
    ],
    [
      0.0008767591260453826,
      -0.061963701322061845,
      -0.03212806272022342,
      0.014112509845971996,
      0.014805793019303664,
      -0.009259889894573839,
      -0.05561498467708273,
      0.991214219132945,
      -0.07866014305642939,
      0.05326655384181772
    ]
  ],
  "selected_count": 979969,
  "selection": {
    "mode": "near_max",
    "max_response": 1.0,
    "max_response_tol": 1e-12,
    "threshold": 0.999999999999
  },
  "confidence": 0.95,
  "confidence_axis_lengths": [
    7.575997849199544,
    14.85357010883658,
    14.946684064491581,
    15.009448693596031,
    15.091387794519779,
    15.143982739850733,
    16.374462316494544,
    16.97612289603073,
    17.638088613194913,
    17.709992578790285
  ],
  "empirical_coverage": {
    "confidence": 0.95,
    "chi_square_threshold": 18.307038053275146,
    "inside_count": 975172,
    "total_count": 979969,
    "fraction": 0.9951049471973094,
    "percent": 99.51049471973093
  }
}