{
  "center": [
    8.001425497472892,
    0.01762643126938538,
    7.022205042078891,
    -0.015121091425774525,
    7.294040351934943,
    -0.0024469610715835886,
    0.006291054788972283,
    7.219859072984679,
    -0.0050106796872217115,
    7.32450285693177
  ],
  "covariance_matrix": [
    [
      3.159883347592659,
      0.00770462385379749,
      0.017778171670687182,
      -0.0006918537623520341,
      0.013707198799618492,
      -0.0022525065731399535,
      0.012352497874681925,
      0.036659178265983694,
      -0.005563581069167367,
      -0.015321139972485466
    ],
    [
      0.00770462385379749,
      12.372214393463942,
      -0.009599416429175934,
      -0.03585758427559274,
      0.03365584454741671,
      -0.010024245183884182,
      -0.011362662545419188,
      -0.021333566159830217,
      -0.010121539820666606,
      0.006648560985359129
    ],
    [
      0.017778171670687182,
      -0.009599416429175934,
      17.024711410038652,
      0.04144829990980915,
      -0.05129418654360782,
      -0.016077016754658325,
      0.027583315476910966,
      -0.01084387798552278,
      0.0088205893816736,
      0.01289913449617905
    ],
    [
      -0.0006918537623520341,
      -0.03585758427559274,
      0.04144829990980915,
      12.385505879914621,
      0.006298504372740772,
      0.017435084617187267,
      -0.007708832978600557,
      -0.028629476925839472,
      0.0023078695227186172,
      -0.012800738944176857
    ],
    [
      0.013707198799618492,
      0.03365584454741671,
      -0.05129418654360782,
      0.006298504372740772,
      15.477129251322209,
      0.046459798560452896,
      -0.03810603494179844,
      -0.04790166845928932,
      0.00030576677981660166,
      -0.010442515664165913
    ],
    [
      -0.0022525065731399535,
      -0.010024245183884182,
      -0.016077016754658325,
      0.017435084617187267,
      0.046459798560452896,
      12.34659742104031,
      -0.015306075375461761,
      0.05283451700356219,
      0.010372735765432342,
      0.00884141699409709
    ],
    [
      0.012352497874681925,
      -0.011362662545419188,
      0.027583315476910966,
      -0.007708832978600557,
      -0.03810603494179844,
      -0.015306075375461761,
      12.3646726414535,
      -0.026060562230198682,
      0.022828942731492958,
      0.010398167402354847
    ],
    [
      0.036659178265983694,
      -0.021333566159830217,
      -0.01084387798552278,
      -0.028629476925839472,
      -0.04790166845928932,
      0.05283451700356219,
      -0.026060562230198682,
      16.02059908578963,
      0.06149897623909288,
      0.008537057873095024
    ],
    [
      -0.005563581069167367,
      -0.010121539820666606,
      0.0088205893816736,
      0.0023078695227186172,
      0.00030576677981660166,
      0.010372735765432342,
      0.022828942731492958,
      0.06149897623909288,
      12.355624543690137,
      -0.026156396041023454
    ],
    [
      -0.015321139972485466,
      0.006648560985359129,
      0.01289913449617905,
      -0.012800738944176857,
      -0.010442515664165913,
      0.00884141699409709,
      0.010398167402354847,
      0.008537057873095024,
      -0.026156396041023454,
      15.48348540073204
    ]
  ],
  "principal_variances": [
    3.1596934430883574,
    12.321903138581515,
    12.336604554988051,
    12.351034041616096,
    12.388287333207998,
    12.421974835395114,
    15.467547947428173,
    15.4889084240326,
    16.027183582032546,
    17.027286074667273
  ],
  "principal_directions": [
    [
      0.9999921418913117,
      0.0010569050241298118,
      -0.0008597978178178513,
      0.0006662693366041553,
      -0.0006095983698513875,
      0.0007428747077612549,
      -0.0005697752569114077,
      0.0018200999347446705,
      -0.0027152070549766563,
      -0.0012176659265945805
    ],
    [
      -0.0008414828803164484,
      0.143367501256416,
      -0.6805875814660106,
      -0.31916915225930426,
      0.20638801068854562,
      0.6096101840615171,
      -0.009927853461939695,
      0.002974575126936607,
      0.006577187350292113,
      0.002321735966258176
    ],
    [
      -0.001288004374921076,
      0.0002509854104704584,
      0.006685626694860114,
      -0.00374002699281744,
      0.004465885866470624,
      0.007281690218800541,
      -0.025183357215634004,
      0.024278296686666034,
      -0.006604097088204308,
      -0.9992994417224614
    ],
    [
      6.934073189844911e-05,
      -0.004566230442983399,
      -0.6355229027167084,
      0.10980472449289541,
      0.2296859311275514,
      -0.7287777408923249,
      0.0005926208752677008,
      0.00440172728002317,
      0.0078110344833702446,
      -0.008907642374557337
    ],
    [
      -0.001131188010268093,
      -0.004040434843342794,
      0.0018822237857169244,
      0.015944236847047162,
      -0.014898100766986323,
      -0.0010971694570420798,
      -0.8634974990679005,
      0.4952676789358718,
      0.0865321974205906,
      0.0331006158883379
    ],
    [
      0.000259905659990425,
      0.6268385242009447,
      0.25701445464345773,
      -0.6584529657034157,
      0.18671453353453582,
      -0.26858339777396645,
      -0.015261759728738479,
      0.0058095029403215336,
      -0.013264498080981579,
      0.0038317033723453547
    ],
    [
      -0.0013543832110426348,
      0.5478836345278387,
      -0.2319219164404434,
      0.21621580403353885,
      -0.773875257342414,
      -0.012416729914605601,
      0.009393948763928815,
      -0.009168968537674127,
      0.005993897983295526,
      -0.006269548978086056
    ],
    [
      -0.0028646122363964422,
      0.0045502748023349415,
      -0.012255890147896409,
      0.020880730616737092,
      0.0033900091396856236,
      0.004375893795548147,
      -0.06630577345053923,
      0.057257147860461044,
      -0.9957853636459993,
      0.009534652982211261
    ],
    [
      0.0006311068040525447,
      -0.5349901144803838,
      -0.1134179865746091,
      -0.636435810879387,
      -0.5202362372326793,
      -0.1576985941336419,
      0.0027786721834995518,
      0.008415835709765528,
      -0.016577899462110857,
      -0.0017420912749968875
    ],
    [
      0.0012484024069195564,
      -0.00832249776453474,
      -0.0020378201019427555,
      -0.0030325041569117597,
      -0.001904542227742806,
      -0.004943423151442555,
      -0.49891210178722883,
      -0.8663843990211253,
      -0.016784808136391965,
      -0.008415584084750197
    ]
  ],
  "selected_count": 1515962,
  "selection": {
    "mode": "near_max",
    "max_response": 1.0,
    "max_response_tol": 1e-12,
    "threshold": 0.999999999999
  },
  "confidence": 0.95,
  "confidence_axis_lengths": [
    7.605565600223466,
    15.019239316516074,
    15.02819646652165,
    15.036982749114351,
    15.05964301117212,
    15.080104973388105,
    16.827506911733106,
    16.83912218384494,
    17.129222391080585,
    17.65557062552598
  ],
  "empirical_coverage": {
    "confidence": 0.95,
    "chi_square_threshold": 18.307038053275146,
    "inside_count": 1508595,
    "total_count": 1515962,
    "fraction": 0.9951403795081935,
    "percent": 99.51403795081934
  }
}